AYLIK_TOPLAM_YAGIS_mm_Manuel;MAKSIMUM_SICAKLIK_C;ORTALAMA_MAKSIMUM_SICAKLIK;ORTALAMA_MINIMUM_SICAKLIK;ORTALAMA_NEM;ORTALAMA_SICAKLIK;Class
81.3;34.6;24.6;16.8;72.9;20.7;Near normal
29.6;29.6;26;19.4;72.8;23;Wet
15.7;29.9;25.8;19.8;74.6;23;Wet
32.6;30.3;24.3;16.6;75;20.6;Near normal
231.7;25.8;17.2;9.9;74.8;13.4;Wet
70.2;26.2;17.8;7.7;67.3;12;Wet
29.9;23.6;15.5;6.4;64.7;10.4;Near normal
36.7;25.4;15.1;6.9;70.2;10.4;Near normal
37.8;20.3;13.7;6.6;69;10;Near normal
48.2;23.5;14;6.7;66.6;10.3;Near normal
48.3;27.8;17.5;10.3;74.1;13.5;Severely dry
53.4;27.3;19.7;13.1;73.8;16.3;Moderately dry
24.4;31;23.8;16.1;72;19.9;Near normal
18.6;31;27.3;20.4;72.6;23.9;Near normal
57.4;30;27.8;21.3;73.6;24.6;Near normal
125;27.7;23.4;17.1;75.7;20;Wet
37.9;25.7;23.1;14.6;71.5;18.3;Near normal
15.6;28.5;20.3;12.8;72.9;15.9;Near normal
57;21.5;14.9;8.1;69.4;11.1;Near normal
96.3;21.4;11.9;3.7;68.6;7.2;Near normal
112.2;16.6;7.9;1.3;66.8;4.3;Near normal
11;13.5;10;4;72.2;7.1;Moderately dry
21.6;22;14;7.1;77.8;10.3;Near normal
39.2;30.6;19.4;12.7;80.6;15.7;Near normal
34.4;31.4;22.5;14.9;73.7;18.4;Near normal
66.8;30.4;25.6;18.8;75.2;22;Near normal
103;28.5;26;19.7;79;22.5;Near normal
30.4;27.4;23.9;16.9;74.6;19.9;Near normal
56.9;26.1;21;13.9;77.3;17;Near normal
93.8;25.8;17;9.8;67.4;12.7;Near normal
167.5;24;14.4;6.8;69.4;9.8;Wet
159.1;21;11.6;3;63.2;6.7;Wet
27.9;20.4;10.4;3.5;72.4;6.6;Near normal
59.9;22;11.1;4.5;73.9;7.5;Wet
36.7;22.6;15;9;81.4;11.8;Wet
22.9;24.4;20.9;15.4;80.6;18;Wet
32.2;25.8;22.5;15.8;75.3;19.3;Near normal
11.9;29.3;25.4;18.6;76.5;21.9;Severely dry
54.6;31.7;26.3;18.6;77.5;22.3;Near normal
51.8;29.2;25.5;17.4;74.5;21.2;Near normal
141.4;24;19.9;13.7;79.5;16.4;Near normal
14.6;24.2;18.4;11.1;75.2;14.1;Near normal
62.6;20;13.5;6.4;70.3;9.3;Near normal
43;14;10;3.9;74;6.6;Near normal
32.8;19.6;10.3;3.3;77.4;6.3;Moderately dry
33;20;10.7;5.3;80.2;7.7;Moderately dry
56.7;28.5;13.3;6.5;77.2;9.4;Severely dry
19.5;24.8;17.4;11.6;82.6;14.2;Severely dry
64.6;35.1;24.8;16.9;74.5;20.7;Near normal
38.1;28.9;23.8;17.7;76.8;20.7;Near normal
13.6;30;25.9;18.9;76.1;22.2;Near normal
75.2;27.9;24.6;17.2;73.6;20.6;Near normal
173.3;24.2;18.3;12.1;76.7;14.8;Wet
65.7;26.6;16.8;8.1;67.5;11.5;Near normal
96.9;25;15.7;7.4;67.8;10.8;Near normal
44.5;19.3;12.4;5.7;72.5;8.6;Near normal
67.8;24.3;14.9;6.2;70;9.8;Near normal
34.3;29;15.3;7.1;70.7;10.7;Near normal
40.7;26.4;17.5;9;76.9;12.8;Near normal
45.4;28.5;20.1;13;77.1;16.1;Near normal
9.4;26.2;23.3;15.9;76.3;19.4;Near normal
61.9;31.9;27.6;20.1;74.6;23.5;Near normal
97.1;29.9;26.1;18.9;75.8;22.1;Wet
89.2;26.2;23.1;16.3;79.1;19.2;Wet
165.3;27.4;19.3;11.3;72.5;14.7;Wet
73.8;24.4;17.5;9.8;73.9;12.9;Wet
53.8;18.3;12.2;5.4;69.9;8.1;Wet
12.1;21;12.8;5.1;68.3;8.3;Near normal
118.3;19.9;11.5;3.7;66.2;7.2;Near normal
66.7;22.4;14.2;5.9;74.8;9.3;Near normal
35;25.3;13.8;8.8;81.2;11.1;Near normal
22.6;27.9;19.8;13.2;83.4;15.8;Near normal
38.4;31.1;24.1;16;71.3;20;Near normal
6.3;30.5;26.3;20.4;76.9;23.1;Near normal
11.8;29.3;27.1;20.1;70.4;23.5;Severely dry
85.7;28.9;24.8;18.8;76.4;21.3;Moderately dry
183;24.6;19.4;11.5;71.4;15;Near normal
98.1;26.5;17.8;9.4;67.1;12.9;Near normal
194.8;20.5;11.7;4.8;71.3;7.5;Wet
27;14.8;8.1;1;70.9;3.9;Wet
14.2;17.9;9.1;2.3;71.2;5.3;Wet
14.5;22;10.1;3.5;74.6;6.8;Near normal
28.6;27;18.1;9.8;78.5;13.1;Near normal
24.1;27;19.5;13.1;82;16.2;Near normal
40.8;28.6;25;18.1;77.5;21.5;Extremely dry
25;30.1;27;20.7;77.4;23.8;Extremely dry
59.4;30.9;27.8;21.3;76;24.3;Moderately dry
56.6;28.2;24.8;17.8;75.6;21;Near normal
38.2;24.6;21.1;14.5;77.9;17.5;Near normal
127;22.8;16;7.7;70.4;11.3;Near normal
68.4;14;10.5;4.2;71.8;6.6;Near normal
73.9;17.4;8.5;2.3;73.3;4.8;Near normal
33.8;29.3;14;5.3;67.4;9.1;Near normal
55;24.5;11.5;4;75.6;7.3;Near normal
61.1;21.4;13.4;8.3;82.8;10.7;Near normal
33.6;27.5;18.4;11.9;80.5;15.1;Near normal
42.8;27.6;22.1;15.6;78.9;18.8;Near normal
20;30.9;26.1;19;76.5;22.5;Near normal
21.7;27.8;25.1;19.5;74.8;22.1;Near normal
26.7;27.1;23.7;16.7;78.3;19.7;Moderately dry
56.6;33.1;21.3;14.1;76.5;17.3;Severely dry
195.4;20.5;13.9;6;74.3;9.6;Near normal
142.8;22;12.1;3.4;73.6;7;Near normal
31.4;11;8.2;2.3;74.6;4.6;Near normal
12.9;17.3;10.6;3.9;71.6;6.9;Near normal
19.1;25;11;5.8;80.1;8.1;Near normal
67.2;27.7;13.5;6.8;75.6;9.6;Near normal
62.8;25.5;18.3;12.1;79;15;Near normal
7.8;27.7;23.3;16.3;76.5;19.9;Severely dry
15.3;34.5;25.3;18.5;74;21.8;Severely dry
24.9;28.5;25.4;19.3;74.7;22.4;Moderately dry
79.7;28.1;23.6;16.2;75;19.5;Near normal
4.3;30.1;24.1;15.8;73.1;19.6;Severely dry
102.4;28.1;17.4;10.1;72.9;13.2;Severely dry
89.9;22.5;13.1;6.4;71.3;9.1;Near normal
40.5;18.1;11.1;3.8;69;6.9;Moderately dry
125.4;15.8;9;3.5;71.2;5.9;Near normal
22.4;23.5;13.5;5.7;70.6;9.3;Near normal
28.8;29.4;17.5;10.1;76.5;13.3;Near normal
24;26.5;19.3;13.9;83.7;16.4;Near normal
15.3;27.7;25.1;18.5;76.8;21.8;Near normal
6.2;29.5;27.4;20.9;74.3;24.1;Near normal
48.4;30;26.5;19.7;74.4;23;Extremely dry
55.5;28.3;24.1;17.1;75.7;20.3;Severely dry
94.6;23;19.7;11.7;72.1;15.4;Near normal
46.2;25;16.1;9.2;72.3;12.2;Moderately dry
109.7;18.2;10.8;3.5;73;6.4;Near normal
151.1;20.6;10.3;2.3;71.4;5.6;Near normal
108.1;9.9;6.8;0.9;74.6;3.4;Near normal
26.1;12.1;8.4;3.5;82.3;5.9;Near normal
17.8;28.4;15.4;8.5;78.8;11.6;Near normal
41.3;22.5;17.4;11.7;82.8;14.4;Wet
24.5;26.4;22.5;15.6;77.4;19;Near normal
17.2;31;25.4;18;72.7;21.8;Near normal
69.7;26.9;24.5;19.2;78.4;21.5;Moderately dry
33.7;30.5;23.3;15.9;76.5;19.3;Moderately dry
88.5;28.5;20.2;12.9;75.5;16.1;Near normal
12.5;23;17.1;10.2;75.2;13;Moderately dry
43.8;24.6;13.8;6.5;69.1;9.5;Moderately dry
28.3;12.2;9.2;3;70.9;5.8;Severely dry
14;23.4;15.2;6;69.9;9.8;Extremely dry
66;16.2;10.7;4.4;80.2;7.3;Extremely dry
58.3;29.1;15.5;8.6;79.5;11.6;Extremely dry
48.9;24;17.9;12.3;84;14.8;Moderately dry
59.5;26.5;23.1;16.4;80.1;19.7;Near normal
31.3;29;25.8;18.8;76.2;22.2;Near normal
33.1;34;26.6;19.3;73.3;22.8;Wet
119.1;27.9;23.1;16.9;77.5;19.7;Wet
87.2;25.2;17.2;9.7;71.9;12.9;Near normal
59.3;30.4;18.1;9.6;67.4;13;Near normal
151.4;20.3;11.2;4.5;69.5;7.2;Near normal
59.8;20;10.2;4.1;75.2;6.7;Near normal
25.6;25.6;13.1;5.5;75.5;9;Near normal
62.2;27.4;13.4;6.5;76.7;9.5;Near normal
79;24;14.7;8.1;79.9;11.1;Near normal
33.4;24.3;18.8;11.8;78.8;15.3;Near normal
91.2;29.3;22;14.5;73.8;18.4;Near normal
14.2;28.6;25;18.7;77.5;21.9;Near normal
21.6;26.6;24.6;18;75.9;21.1;Wet
28.3;29.1;23.7;16.2;76.8;19.6;Near normal
64.5;24.9;20.3;13.4;78.9;16.4;Near normal
125.7;21.8;14.5;6.9;67.9;10.1;Near normal
163.5;20.7;12.9;5.8;72.3;8.9;Near normal
149;22.6;11.7;4.7;72.9;7.4;Wet
47;25;11.8;5;77.7;7.8;Wet
32.4;25.3;13.7;6.1;77.4;9.3;Wet
47.5;33.8;16.4;8.8;76.3;12;Wet
62;26.5;20.7;14.2;81.5;17.3;Wet
41.8;28;24.2;17.1;76.5;20.6;Near normal
29;28.2;25.5;18.7;74.3;22;Near normal
4.2;29.9;27.4;21;76.8;24.1;Near normal
47;26.4;23.8;17.2;76.8;20.2;Near normal
73;25.3;19.4;12.7;78.4;15.6;Near normal
32.5;29.6;17;8.9;75.5;12.2;Severely dry
48.4;20.8;13.2;5.7;69.1;8.9;Severely dry
150.5;21.9;10.2;1.9;70.4;5.3;Near normal
24.7;11.4;8.9;3.2;76.4;5.6;Near normal
32.7;20;11.7;4.9;76.1;7.8;Near normal
82;24.8;13.9;7.3;80.5;10;Near normal
63.7;37.1;18.7;11.3;81.6;14.4;Near normal
15.1;32.4;23.9;15.9;75.5;19.9;Near normal
0.9;31.6;26.7;20.2;76.1;23.3;Near normal
81.3;29.2;26.5;19.4;71.8;22.8;Near normal
63.9;26.6;22.4;16.2;74;19;Near normal
41.8;23.4;20;11.5;74;15.3;Near normal
82.2;23;17.4;9.6;75.8;13;Near normal
78;26.4;15;7.2;70;10.3;Near normal
34.3;19.9;13.8;5.7;66.3;9;Near normal
52.5;18.9;11.6;5.3;72.2;8;Moderately dry
53.2;27.4;12.3;6;78.7;8.6;Moderately dry
39.9;28.6;13.6;6.7;77.3;9.8;Near normal
56.5;22.3;16.9;11;80.2;13.7;Near normal
23;27;22.8;16.5;79.7;19.7;Near normal
17.2;30.6;26.3;20.1;78.6;23.1;Near normal
48;30.6;26.5;19.9;76;23;Near normal
46.8;33.8;24.4;17.6;78.6;20.5;Near normal
35.5;28.2;22.6;14.4;77;17.9;Moderately dry
189.4;23;16.6;7.9;66;11.3;Near normal
46.8;23.1;17.5;8.6;63.3;12.5;Near normal
85.2;20.1;11.7;3.7;68.6;6.9;Near normal
43.2;15;8.7;2.4;69.6;5.2;Near normal
43;25;10.5;3.6;72.1;6.9;Near normal
48.2;22.4;15.4;8.9;79.7;11.2;Near normal
31.4;23.8;18.4;12.5;80.7;15.5;Near normal
45.8;30.5;23.1;15.3;76.2;19.3;Near normal
56.9;28.6;24.6;17.9;77.4;21.1;Near normal
21.2;28.8;26.2;18.6;78.1;22.3;Near normal
33.3;30.1;25.2;17.9;73.2;21.1;Near normal
96.7;29.8;20.6;12.4;71.6;16;Near normal
91.5;24.7;15.2;6.6;71.1;9.9;Near normal
99.3;22;14;4.7;63;8.1;Near normal
96.6;17.2;9.6;2;64.3;5.1;Near normal
26.4;19.8;11.7;3.5;65.3;7.1;Near normal
85;26.5;12.1;4.5;69.3;8;Near normal
19.1;22.6;16.5;9;76.5;12.4;Near normal
43.2;26.1;19.8;13.5;82.1;16.5;Near normal
90.4;28.8;23.9;16.4;76.9;20.1;Near normal
35.8;30.1;27.1;19.4;76.3;22.8;Near normal
12.7;31.4;25.9;18.3;74.5;21.9;Near normal
35.1;27;24.3;15.7;78.1;19.6;Near normal
89.2;23.4;19.4;12;76.4;15.2;Near normal
160.4;21.2;15.5;8.9;78.8;11.6;Near normal
101.1;21.6;13.7;5.5;69.8;8.6;Near normal
21;20.5;13.1;5.9;67.5;9;Near normal
39.2;21.8;10.9;3.9;76.8;7.1;Near normal
45.9;22.3;13;6.2;76.1;9.1;Near normal
89.1;17;13.5;8;82;10.4;Near normal
38.8;29.5;18.4;12;81.6;14.9;Near normal
44.3;31.6;23.3;15.4;71.8;19.3;Near normal
12.8;28.7;25.5;19.1;75.1;22;Near normal
75.6;26.1;24.4;17.8;74.3;20.8;Wet
3.2;29.4;25.4;17.2;75.7;20.9;Near normal
168.1;28;21.1;12.5;73.2;16.1;Near normal
131.4;21.3;16.6;9.1;75.9;12.2;Near normal
19.6;15.2;11;3.5;69.8;6.4;Near normal
33.9;20.3;12.8;5.2;66.8;8.6;Near normal
173.3;21.6;7.5;0.2;66.3;3.4;Near normal
9.7;22;10.1;2.4;70.1;5.7;Near normal
29.2;32.5;14.9;8;78.4;10.7;Near normal
62.8;26;19.9;13.2;78.4;16.2;Near normal
80.5;26.7;23.3;16.3;77.1;19.7;Wet
18.1;27.1;24;17.1;74.1;20.4;Wet
18.7;30.3;26.8;19.7;77.2;23.1;Near normal
39.2;28.1;23.3;16;75.9;19.3;Near normal
160.1;23.5;18;11.3;74.5;14.2;Near normal
35.5;24.8;17.7;9.9;71.8;13.1;Near normal
129.5;17.5;12;4.9;71.6;7.8;Near normal
89.9;20;12.8;4.7;64.3;8.1;Near normal
49.9;19.3;11.4;4.2;70.9;7.4;Near normal
40.3;16;10;4.5;74.4;7.1;Near normal
29.5;27.6;15.7;7.9;76.8;11.5;Near normal
69;22;16.5;11;81.4;13.6;Near normal
50.1;26.7;23.9;16.2;76.4;20.1;Near normal
12.4;30.6;26.6;19.5;72.9;22.9;Near normal
24.3;32.1;28.3;20.8;70.4;24.4;Near normal
77.8;29;25.2;18.5;74.1;21.6;Near normal
52.9;23.4;18.9;12.6;71.7;15.4;Near normal
60.7;18;13.1;7.6;71;9.9;Near normal
107.3;21.8;12.7;4.7;63.9;8;Near normal
74.3;18.3;11.3;4.2;70.5;7.2;Near normal
28.3;23.6;11.3;4.1;70.5;7.4;Near normal
53.4;17;9.1;2.3;70.7;5.4;Near normal
50.3;27;13.3;5.5;73.9;9;Near normal
25.4;25;18;10.6;79.6;14;Near normal
41.6;28.9;22.3;15.6;80.3;18.9;Near normal
30.9;31.2;26.8;19.5;79.6;23;Near normal
88.8;30;25.5;18.4;74.7;21.7;Wet
71.7;26.3;23.2;14.7;69.6;18.7;Near normal
51;22.9;18.3;11.6;72.5;14.6;Near normal
104.7;21;15.9;7.8;69.2;11.2;Near normal
104.5;18.8;11.6;5;71.9;7.9;Near normal
104.7;15.2;9.4;2.9;71.9;5.7;Near normal
41.3;19;11.2;3.7;67.3;6.8;Near normal
96.1;23.6;13;4.5;67.1;8.6;Near normal
24.9;23;14.3;7.4;77.4;10.4;Near normal
55.4;29.3;18.5;11.1;77.3;14.4;Near normal
46.8;25.5;23.3;15.5;74.7;19.3;Near normal
35.5;30.2;27.4;19.5;74.7;23.3;Near normal
24.8;32.6;28.2;19.8;71.2;23.6;Near normal
38.2;27.5;23.4;15.1;76;18.9;Near normal
151.6;25.2;19.6;13.1;77.2;15.9;Near normal
173.6;19.6;13.1;5.8;68.2;9.1;Wet
77;22.3;12.4;5;67.6;8;Wet
192.2;11.4;7.7;1.2;65.8;3.8;Wet
83.8;25.7;9.9;2.2;60.8;5.7;Wet
53.7;16;10.8;5.4;74.9;7.7;Wet
34.7;28.2;18.4;10.1;73.8;13.6;Wet
37.9;26.3;20.8;12.2;71.6;16.3;Wet
55.1;28.3;23.8;16.2;74.7;19.9;Wet
18.5;28.8;26.5;19.7;67.3;22.9;Near normal
46.4;30.6;28.3;20;70;24;Near normal
88.6;30.2;24.2;16.4;73.8;19.9;Near normal
204;25.5;19.9;12.5;74;15.6;Wet
93.7;22.6;17.2;8.3;65.2;12.2;Wet
108.8;22;11.8;4;68.4;7.2;Wet
61.8;13.4;9.2;2.4;58.9;5.1;Wet
39.4;20.2;10.3;3.7;66.1;6.8;Wet
52.1;20.2;11.2;4.3;69.3;7.5;Wet
80.4;26;16.1;8.6;71.8;11.8;Near normal
69.1;29.6;17.7;11.2;73.4;14.1;Near normal
73.2;28.3;23.4;15.8;66.8;19.7;Near normal
27.4;29.9;26.85;20.4;72.35;23.5;Wet
44.7;30.95;27.55;20.5;73.05;23.9;Wet
54.8;28.15;23.6;16.65;76.25;19.75;Wet
60.4;25.85;20.55;13.75;76.55;16.7;Near normal
71.5;21.55;16.7;9.1;72.35;12.25;Near normal
65.1;25.5;13.4;7.4;70.6;9.8;Near normal
44.9;14;9.6;4.4;74.4;6.6;Moderately dry
86.7;19.3;8.7;2.5;74.1;5.1;Near normal
60.6;22;9.6;5.1;82;6.9;Near normal
38.8;27.5;14;9.4;84.5;11.3;Near normal
68.5;26.5;19.3;12.9;75;15.7;Near normal
32.8;25.8;22.5;17.2;80.2;19.8;Near normal
8.6;31;27.2;21.1;77.4;24.1;Near normal
13.2;31.3;26.8;21;76.1;23.8;Near normal
30;26.1;23;16.9;78.7;19.6;Moderately dry
132.6;26.2;21.2;15;79.1;17.8;Near normal
73.2;20.5;16.2;9.9;79.5;12.3;Near normal
30.4;20.2;11.1;5.3;69.3;7.5;Moderately dry
104.6;11.2;7.1;1.6;73.2;3.8;Near normal
91.7;18.6;7.2;1.3;72.7;3.8;Near normal
23.5;25.8;11.7;5.2;75.2;7.9;Near normal
40.7;25;14.6;7.5;77.3;10.9;Near normal
44.6;23.2;16.3;11.2;81.7;13.8;Near normal
37.4;27.5;23.5;17.4;79.1;20.5;Near normal
78;28.2;25.1;18.6;76;21.8;Wet
31.5;29.4;26.5;19.8;80;23.1;Near normal
29.4;29.8;22.5;16.2;76.3;19.1;Near normal
150.5;31.5;21.9;13.1;75.8;16.9;Near normal
178.4;22.3;15.3;7.5;77.4;10.7;Wet
18.2;15;9.9;4.4;75.4;6.9;Near normal
145.2;17.6;8.9;2.7;76.4;5.5;Wet
66.6;22.4;7.5;1.6;78.9;4;Wet
30.2;28.4;11.7;4.9;76.7;7.9;Wet
83.9;26.6;14.2;7.4;77.2;10.3;Wet
29;28.2;17.7;12.8;84.7;14.8;Near normal
47.5;27.5;22.4;15.5;80.5;19.1;Wet
11.2;27.7;24.3;18.5;79.4;21.4;Near normal
30.4;30.3;26.5;19.9;82;23.1;Near normal
32.3;29.4;23.3;16.3;80.8;19.6;Near normal
119.9;24.8;19.5;12;82.4;15.3;Near normal
87.1;19.9;11.5;5.8;81.4;8.4;Near normal
80;20.6;12.8;6.6;80.6;9.1;Near normal
32.7;19.1;11.9;5.7;77.1;8.4;Near normal
76.6;16.8;8.4;3.1;78.8;5.6;Near normal
37.3;21.7;11.4;5.1;80;7.7;Near normal
23.2;29.8;16.9;9.9;82.3;12.8;Near normal
17.9;29.5;18.9;12.7;82;15.5;Moderately dry
27.8;31.8;22.6;15.9;77.9;19.3;Moderately dry
25.8;28.8;25.6;19.6;77.8;22.7;Moderately dry
24.7;29.7;26.2;19.5;76.7;22.7;Extremely dry
6.2;29.2;25.8;19.2;78.8;22.4;Extremely dry
174.2;27;22.1;15.5;76.9;18.5;Near normal
76;21.3;14.2;8.9;73.6;11.2;Near normal
168.5;17.4;9.6;3.4;74.7;6;Near normal
25.9;22.4;11.2;5.3;76.8;8;Near normal
29.2;19.8;11;5.1;76.4;7.7;Near normal
30.3;23.5;13.6;7;72.8;9.9;Near normal
38.8;21.9;13.8;7.7;76.6;10.3;Near normal
42;27.5;18.2;13;77.6;15.6;Near normal
76.4;27.4;24.1;17.8;76.9;21.1;Near normal
29.7;29.4;26.1;20.3;78.2;22.9;Near normal
21.7;29.4;26.2;19.9;77.3;23;Near normal
49.4;30.3;24.3;17.4;73.6;20.7;Near normal
75.8;21.4;18.1;12.7;77.3;15.1;Near normal
97;25.5;15.4;8.8;73.3;11.6;Near normal
113.9;20.1;11.5;5.1;72.1;7.8;Near normal
14;15.6;9.2;5.2;78.1;7;Near normal
37.7;24.4;10.9;4.7;76.9;7.2;Near normal
33;19.5;8.3;5.1;83.4;6.6;Near normal
74.4;22.6;12.4;7.2;85.3;9.3;Near normal
38.9;27.5;18.7;12.8;85.3;15.4;Near normal
76.8;27.5;21.6;15.9;76.6;18.8;Near normal
3.7;29.4;26.1;20.6;77.7;23.2;Near normal
67;28;25.9;20.6;79;23.1;Wet
153.7;31.4;23.9;17.2;76;20.4;Wet
83.6;23.9;18.9;13.4;76.3;15.8;Wet
41.8;20.4;16.5;9.8;70.5;12.6;Near normal
72.3;22.4;15.4;9.5;65.1;12;Near normal
203.5;19;10;5.2;72.6;7.2;Wet
66;17.8;8.3;2.8;65.8;5.1;Wet
69;16.6;7.7;2.8;73.9;5.1;Near normal
60;31.4;13.5;7;71.5;9.7;Wet
21.7;22.4;17.9;12.8;73.7;15.2;Wet
34.1;27.2;22.1;17.1;70.4;19.5;Wet
12.8;27.5;25.4;20;67.2;22.7;Near normal
9.6;28.6;26;20.9;72.2;23.3;Near normal
64.6;23.4;20.8;15.7;72.6;18;Moderately dry
104.5;28.6;20.7;14.6;72.1;17.1;Near normal
23.8;19.5;15.3;9.6;71.1;11.9;Moderately dry
26.2;20.3;12.9;7.2;64.9;9.6;Severely dry
76.6;12.2;9.2;5.1;68.3;7.1;Severely dry
192.2;14.4;7.7;3.1;69.9;5.1;Near normal
41.3;18.8;9.9;5.2;70;7.3;Near normal
29.3;28.9;16.2;10.8;74.3;13.2;Near normal
58.7;25.4;18.4;14.9;81.5;16.4;Near normal
15.9;25.4;22.6;19.3;75.6;20.9;Wet
10;27.2;25.1;21.2;72.6;23.1;Wet
65.8;28.6;26.2;22.2;72.4;24.2;Near normal
69.6;29.1;23.5;18.9;66.9;21;Near normal
68.9;27;20.3;15.8;65.5;17.8;Near normal
144.8;20;15.7;12;72.7;13.6;Near normal
101.3;18.3;12.6;9.1;71.5;10.6;Near normal
9.8;15.6;11;7.4;65.6;9;Near normal
72.7;17.2;10.9;6.3;65.2;8.4;Near normal
34.9;16.6;11.2;7.2;71.2;8.8;Near normal
53.3;25.4;14.5;9.3;71.1;11.6;Near normal
52.1;25;19;12.3;60.1;15.5;Near normal
82.7;30.5;24;18.1;75.6;21.1;Near normal
14.7;32;28.4;22.1;76.3;25.1;Near normal
61.8;31.8;28.3;22.1;70.1;25;Wet
72.1;27.3;24.5;17.3;71.4;20.5;Wet
113.9;25.2;20;13.1;75.9;16.1;Wet
153.4;24.4;15.1;8.2;74.2;11.1;Wet
23.7;26;14.2;7;59;10;Near normal
175.4;18;9;2.2;68.5;5;Wet
84.2;17.9;9.4;3.1;69.1;5.8;Wet
91.2;19.6;10.9;3.8;71.3;6.9;Wet
28.2;26.5;18.4;11.1;75.7;14.3;Wet
34.7;23;18.2;12.1;76.5;15.1;Wet
45.4;27;23.1;15.9;75.4;19.5;Wet
2.6;35.4;27.1;20.4;77.8;23.6;Near normal
64.5;29;26.6;20.5;78.4;23.4;Near normal
56.1;26.8;23.2;17.5;73.9;20.1;Near normal
68.8;25.6;19;13.1;75.6;15.7;Near normal
4.7;20.1;16.9;9.9;66.8;12.8;Severely dry
42.4;22;13.3;7.5;71.4;10;Severely dry
100.6;19;11.7;6.4;74.6;8.6;Moderately dry
66.3;20.5;12.1;6.2;75.3;8.7;Moderately dry
63.1;25.5;14.9;7.8;73.8;10.7;Moderately dry
55.3;26;14.2;8.9;79.9;11.1;Near normal
32.2;22;17.2;12.4;77.1;14.6;Near normal
30.8;26.9;22.4;16.4;75.3;19.4;Near normal
37.8;30.8;27.4;22.1;77.1;24.8;Near normal
35.9;30.8;28.5;22.4;74.8;25.3;Near normal
41.7;30.6;24.9;18.3;74.8;21.5;Near normal
104.7;24.7;19.6;13.5;74.9;16.2;Near normal
176;26;16.3;8.7;68.6;12;Near normal
43.4;21;13;6.6;68.1;9.4;Near normal
68.6;17.3;8.7;3.2;69.2;5.6;Near normal
29;20.2;11.9;5.2;68.7;8.1;Near normal
49.9;27;12.9;7;74.1;9.4;Near normal
44.7;18.6;12.5;7.9;78.2;10;Near normal
9.8;24.6;18.3;12.6;75.2;15.4;Severely dry
46.6;32;23.6;17.7;76;20.6;Near normal
50.8;31;28.1;21.9;77.4;25;Near normal
37.6;30.4;27.6;21;75.5;24.1;Near normal
109.4;27.9;25.1;18.7;77;21.6;Near normal
99.8;29.6;21.6;14.7;72.7;17.8;Near normal
28.5;25.6;17.6;10.9;66.7;13.7;Near normal
74.8;16.6;9.7;4.6;66.6;6.8;Near normal
26.6;20.2;12.2;6.5;68.8;9;Near normal
42.2;19.6;8.6;3.2;69.8;5.6;Near normal
51.3;11.6;7.7;3;75.3;5;Moderately dry
69;23.4;11.9;6.8;79.9;8.8;Moderately dry
34.5;26.3;19.8;14.3;75.8;16.9;Near normal
7.9;28.9;23.6;16.7;70.9;20.1;Moderately dry
36.6;28.8;26.4;20.1;73.1;23.2;Near normal
42.7;28.6;26.8;21;76.7;23.8;Near normal
56.1;29.6;23.2;17;77.3;19.9;Near normal
195.5;30.7;21;14.5;76.7;17.3;Near normal
77.4;21.2;14.1;8.7;77.4;11.1;Near normal
34.8;20;12;6.3;69.4;8.5;Near normal
33.9;19.8;11.5;4.7;67;7.7;Near normal
69.8;25.6;10.7;4.6;71.8;7.3;Near normal
46;25.6;12.2;6;71.7;8.8;Near normal
86.2;25;14.9;8.4;72.4;11.4;Near normal
54.6;29.3;18.3;12.6;78;15.1;Near normal
66.3;29;23.2;16.3;73.2;19.6;Near normal
13.6;31.6;25.9;18.7;67.8;22.2;Wet
32.9;29;27.5;20.5;70.2;23.8;Wet
28.1;27.9;24.3;17;67.9;20.3;Near normal
74.5;27.6;21.2;13.9;68.3;17.3;Near normal
121.5;24;16.9;9.6;70;12.7;Near normal
191;24;12.3;5.3;71.9;8;Near normal
58.8;22.6;13.1;6.4;64.1;9.3;Near normal
27.6;24.2;12.3;5;60.5;8;Near normal
81.3;23;11.2;4.9;71.2;7.5;Near normal
49.5;30;15.9;8.4;69.9;11.7;Wet
40;33;19.1;12.3;73;15.3;Wet
23.1;25.6;23;16.2;66.5;19.6;Near normal
27.3;29.6;27.4;20.6;70.1;23.9;Near normal
70.1;30.6;28.9;21.8;75.5;25.2;Wet
100;29.6;25.6;17.6;76.5;21.1;Near normal
195.9;27;19.9;12.9;74.2;15.9;Wet
50.4;27.2;16.3;9.4;71.8;12.3;Wet
28.1;22;13.9;7.1;71.5;9.9;Near normal
98.3;16;9.1;3;71.1;5.5;Near normal
77.6;19;10.1;3.3;73.4;6.2;Near normal
42.2;26.3;14.6;6.7;70.4;10;Near normal
75.5;26;14.8;8.4;78.6;11.1;Near normal
75.8;32;18.9;12.2;77.8;15.3;Near normal
17.2;29.4;25.3;18.4;76.3;21.5;Near normal
21.5;29.7;26.7;19.5;74;22.8;Near normal
9.3;33.6;30.7;22.4;74.9;26.2;Near normal
81.4;28.6;26;17.7;72.6;21.2;Near normal
78.2;26.2;21.9;14.8;76;17.7;Near normal
122.4;21.8;16.2;7.9;69.2;11.2;Near normal
140.5;14.7;11.4;3.7;67.9;6.5;Near normal
102.6;23.6;13.2;5.1;62.2;8.5;Near normal
69.5;15.6;11.1;4.2;70.5;7.2;Wet
68.8;20.6;12.8;6.3;73.9;9.2;Wet
54.4;17.5;13.5;6.9;75.3;10;Wet
14;29;22.5;14.3;77;17.8;Wet
17.7;32;27.2;18.3;71.6;22.5;Near normal
35.2;32.2;28.6;20.3;73.2;24.2;Near normal
19.5;32.6;29.3;22.1;75.1;25.3;Near normal
51.9;31.8;26.5;18.8;75.6;22.3;Moderately dry
58.6;26.5;23.1;15.3;75.5;18.5;Severely dry
171.4;22.6;16;8;71.9;11.3;Near normal
80;17.8;12;5.4;71.1;8.1;Near normal
63;12.6;8.3;1.6;68.4;4.1;Near normal
37.5;14.9;9;2.5;70.5;5.3;Near normal
63;32.6;17.1;7.6;71.3;11.5;Near normal
27.3;34.9;18.7;11;74.7;14.2;Near normal
40.4;25.6;20;12;75.5;15.6;Near normal
33.7;28.6;24.7;16.2;74.9;20.1;Near normal
9.7;32.8;28.1;20.3;73;23.9;Moderately dry
25.4;32;28.8;21.9;77.4;25;Moderately dry
125.6;30.6;24.9;17.5;77.5;20.8;Near normal
61.7;25.9;20.7;13.9;78.1;16.8;Near normal
24.1;26.6;18.5;10.3;74.5;13.4;Near normal
64.9;21.7;13.3;6.1;69.2;8.9;Near normal
72.2;19.6;11.7;4.2;70.7;7.4;Near normal
44.8;22;13.7;6.8;72.9;9.7;Near normal
61.7;27;13.5;5.5;72.2;9;Moderately dry
37.3;20.5;14;7.3;77.9;10.3;Moderately dry
29.5;25.6;19.9;12.2;78.9;15.9;Near normal
12.2;31.4;26.4;18.2;77.4;21.9;Near normal
68.2;33.6;28.3;20.5;77.9;24;Near normal
28.2;30.4;26.4;18.1;75.8;22;Near normal
98.7;29.5;24.6;17.2;75.6;20.4;Near normal
99.8;28.5;23.2;15.3;74.5;18.4;Near normal
153.7;23;16.7;9.7;71.6;12.6;Wet
73.5;23.3;16.3;8;68.2;11.2;Wet
123.8;24.2;13;6.4;71.8;9.2;Wet
38;27.6;14.6;6.5;70.5;9.8;Wet
88.6;26.9;13.2;5.7;76.1;8.6;Wet
24.9;23.6;15.3;9.1;78.8;11.6;Wet
58.2;27.4;21.2;13.4;76.3;16.8;Near normal
36.5;32.4;26.6;19.2;77;22.3;Near normal
10.6;32;29.2;22.3;73.2;25.5;Near normal
16.8;34;30.5;23.1;68.9;26.7;Near normal
46;30.6;26.4;19.5;73.3;22.8;Moderately dry
135.1;26;20.1;13.8;74.5;16.6;Near normal
0;27.2;20.4;11.8;58.9;15.5;Moderately dry
18;22.5;17.2;9.9;61.3;13.4;Extremely dry
40.1;18.2;11.7;5.5;66.7;8;Extremely dry
125.7;14.6;9.7;3.8;71.5;6.5;Moderately dry
35.9;15.8;10.8;5.7;72.8;8.1;Near normal
82.8;21.3;12.1;7.7;83;9.5;Moderately dry
45.3;21.9;17.3;12.6;82.4;14.7;Near normal
64.7;28.3;24;17.5;75.5;20.5;Wet
18.7;31.8;27.9;21.3;73.6;24.4;Wet
39.5;30.8;27.6;20.9;70.3;23.9;Near normal
79.5;27.3;25.1;17.9;70.2;21;Wet
124.8;27.2;19.7;12.8;70.1;15.7;Near normal
117.1;16.8;12.2;6.1;69.7;8.5;Wet
9.5;23.2;13.3;6.3;60.9;9.4;Near normal
45;19.1;10.2;4.3;63.5;6.9;Near normal
19.6;16.6;8.4;1.8;67.1;4.7;Near normal
53.6;18.3;9.2;2.7;72.6;5.6;Near normal
33.8;27.9;17.1;9.1;74.6;12.5;Moderately dry
25.8;28.5;21.5;15;78.9;17.8;Extremely dry
42.6;29.8;26.1;18.6;70.7;22.3;Moderately dry
33.6;35.1;29;21;69.2;24.6;Moderately dry
20.6;32.4;27.8;21.3;68;24.2;Near normal
33.2;35.5;26.7;18.9;71.2;21.7;Moderately dry
42;29.4;24;16.2;68.2;19.4;Severely dry
86.4;25.1;18.7;12.4;72.5;14.8;Moderately dry
63.4;25.9;14.1;7.3;66.3;10.2;Moderately dry
54.2;22.2;12.6;5.7;62.7;8.5;Severely dry
11.2;24.7;13.5;6.9;68.9;9.6;Extremely dry
51.2;31.4;14.9;7.1;65.1;10.5;Severely dry
25.4;29.4;15.9;9.3;75.6;12.2;Moderately dry
25.6;33.6;22.1;15.3;75.9;18.4;Severely dry
16;29.8;25.5;17.8;70;21.4;Severely dry
48;29.6;27.3;20;67.1;23.4;Severely dry
28.8;31.2;28.5;20.6;65.2;24.2;Moderately dry
135.4;29.1;24.5;16.5;67.3;20.1;Near normal
72.2;27.4;19.3;11.7;68.2;14.9;Near normal
45.6;24.6;17.6;11.2;68.3;13.9;Near normal
133.4;18.3;11.1;3.8;62.7;6.6;Near normal
27.2;23.3;13.3;6.5;64.5;9.4;Near normal
28.4;19.8;12.4;6.6;67.7;9.1;Near normal
8.6;22;14.5;7.2;71.1;10.3;Moderately dry
50.4;22;16.5;9.4;78.6;12.4;Moderately dry
36.2;28.7;21.2;14.5;77.6;17.4;Near normal
27.2;31.7;25.3;17.7;70.8;21.3;Extremely dry
37.6;31.5;28;21;72.5;24.3;Severely dry
66.2;31.5;29.3;22.7;71.6;25.7;Near normal
122.8;30.6;25.9;18.7;71.7;21.7;Wet
56.8;24.3;21.2;14.3;75;17;Near normal
88.6;19.7;15.9;9.3;68.1;12;Near normal
90.6;24.6;15.6;8.6;69.9;11.4;Near normal
122.8;19.6;11.3;4.4;68;7.2;Near normal
33;23;12.6;5.6;67.5;8.7;Near normal
68;22.2;11.7;6.5;78.3;8.7;Near normal
80.4;27.7;14.5;7.4;72.4;10.4;Near normal
38;24.9;18.8;13.1;83;15.8;Wet
28.8;27.4;24.5;18.8;78.2;21.2;Near normal
9;31.7;27.4;20.3;71.4;23.6;Near normal
70;32.8;29.6;22.6;71.7;25.7;Wet
33.2;36;27.7;20.3;75.1;23.5;Near normal
199.6;27.3;21.1;14.7;78.1;17.3;Near normal
116;23.7;18.5;10.2;62.4;13.5;Wet
126.4;15.8;12.3;5.5;66.7;8.1;Wet
125.8;22.9;10.6;3.6;69.2;6.4;Wet
54;21.3;13.8;7;65.6;9.9;Wet
70.4;26.6;15;7;68.8;10.4;Wet
42.2;30.1;18.9;9.7;71.3;13.6;Wet
83;26.2;20;13.6;80.5;16.5;Wet
37.6;33.1;25.7;18.6;75.5;21.8;Wet
49;31;28;20.6;71.5;23.8;Wet
18.2;32.5;29.6;22.7;73.3;25.6;Wet
90.6;35.7;25.9;17.3;68.1;20.8;Wet
65.8;28;20.1;13.8;74.6;16.5;Near normal
60;27.1;16.9;9;64.3;12.1;Near normal
177.8;17.3;9.8;3.4;71.2;5.9;Near normal
46.2;21.7;10.2;3.7;65.7;6.3;Near normal
61.2;17.8;10.2;3.3;62.2;6.2;Near normal
43.4;20.6;13;5.9;73.2;9;Near normal
63;26;15.4;7.4;74.7;10.8;Near normal
80.8;30.2;19.4;12.8;79.4;15.6;Wet
69;29.1;24.7;17.2;76.2;20.6;Near normal
2.2;35.3;28.2;21;67.6;24.3;Wet
12.8;34.2;29.2;22.8;73.3;25.6;Near normal
20.2;31.1;27.7;19.4;67.8;22.9;Near normal
78.4;26.8;21.2;13.5;66.8;16.7;Near normal
105.8;24.3;16.7;9.6;67.2;12.7;Near normal
41.8;20.9;15;7.9;63.1;10.8;Severely dry
49.6;17.7;11.8;6.1;68.5;8.7;Moderately dry
38.6;20;13;7;72.7;9.6;Moderately dry
94.6;30.2;17.3;8.7;73.2;11.8;Near normal
15.6;26.8;16.6;9.3;73.1;12.6;Near normal
69.2;27.1;21.8;16.1;80.4;18.7;Near normal
21;30.7;26.6;19.8;73.8;22.9;Near normal
14.4;32.7;28.9;22.4;68.8;25.3;Near normal
25.8;32;29.1;21.7;65.8;25.1;Near normal
101.8;31.8;26.2;18.6;72;21.8;Near normal
84.4;28.2;22.7;15.6;75.4;18.4;Near normal
16.6;25.3;17.4;10.8;73.1;13.5;Moderately dry
56.6;20.7;13.2;7.1;69.4;9.7;Moderately dry
48.8;22.9;12.7;5.5;60.8;8.7;Moderately dry
17.2;18;11.4;5.8;71.8;8.3;Severely dry
37.2;23.2;12;5.4;67.3;8.4;Extremely dry
56.8;25.4;15.1;8.5;75.1;11.4;Extremely dry
28;28.7;21.5;14.2;75.6;17.5;Severely dry
54.6;32.7;27.8;20.8;75.2;23.7;Near normal
27.2;30.6;27.4;19.8;68.5;23.4;Near normal
19.2;30.5;27.8;21;71.8;24;Near normal
25.8;28.9;25.4;17.9;68.7;21.2;Near normal
68.6;27.3;22;15.6;77.1;18.3;Moderately dry
40.8;24.2;18.9;11.1;61.7;14.3;Severely dry
69.8;22.1;14.7;8.1;60.9;10.8;Severely dry
74.2;17.2;11.1;5.4;66.2;7.7;Severely dry
99.2;22.3;11.8;4;67.5;7.2;Near normal
47.8;29.2;13.3;7.6;73.5;10.1;Near normal
36.4;25.9;14.4;7.9;74.3;10.8;Near normal
54.2;32.9;20.5;12.6;73.6;16.1;Near normal
26;29.3;25.8;18.2;73.3;21.8;Near normal
52.2;32.1;28.4;21.9;69.8;24.9;Near normal
25.4;31.7;28.2;20.6;66.8;23.9;Near normal
4.2;30;27.6;20.8;71.9;23.7;Moderately dry
0;29.3;24.1;16.6;73.5;19.8;Extremely dry
122;21.7;16.3;10.2;73.6;12.5;Severely dry
32.6;21.3;15.1;8.6;61.9;11.1;Severely dry
